title,href,star,releasetime,score
长津湖,http://www.maoyan.com/films/257706,"主演：吴京,易烊千玺,段奕宏",2021-09-30,9.5
我和我的父辈,http://www.maoyan.com/films/1417305,"主演：吴京,章子怡,徐峥",2021-09-30,9.5
远去的牧歌,http://www.maoyan.com/films/1236912,"主演：海拉提·哈木,玛尔江.巴依吐肯,丽娜·夏侃",2018-09-11,9.4
五个扑水的少年,http://www.maoyan.com/films/1328693,"主演：辛云来,冯祥琨,李孝谦",2021-10-01,9.4
扬名立万,http://www.maoyan.com/films/1413641,"主演：尹正,邓家佳,喻恩泰",2021-11-11,9.3
梅艳芳,http://www.maoyan.com/films/1228771,"主演：王丹妮,刘俊谦,廖子妤",2021-11-12,9.2
一点就到家,http://www.maoyan.com/films/1331267,"主演：刘昊然,彭昱畅,尹昉",2020-10-04,9.2
皮皮鲁与鲁西西之罐头小人,http://www.maoyan.com/films/1298314,"主演：洪悦熙,庄则熙,田雨",2021-09-30,9.2
天书奇谭4K纪念版,http://www.maoyan.com/films/622,"主演：丁建华,毕克,苏秀",2021-11-05,9.0
蜜熊的音乐奇旅,http://www.maoyan.com/films/1199023,"主演：林-曼努尔·米兰达,伊奈拉利·西莫,佐伊·索尔达娜",2021-11-05,9.0
